nom;serie;prix;liquide;ville;heure_annonce;url
Chevrolet ;2008 ;37 000 DH ;Essence ;MOHAMMEDIA ;  15-09-2019  07:45  ;https://www.autopark.ma/annonces/chercher?marque=chevrolet
Je vend une voiture ;2007 ;27 000 DH ;Essence ;AGADIR ;  22-08-2019  22:06  ;https://www.autopark.ma/annonces/chercher?marque=chevrolet
Vente dâ€™une 4x4 captiva ;2011 ;110 000 DH ;Diesel ;RABAT ;  08-06-2019  23:07  ;https://www.autopark.ma/annonces/chercher?marque=chevrolet
Chevrolet Camaro ;2016 ; ;Essence ;MARRAKECH ;  11-03-2019  00:00  ;https://www.autopark.ma/annonces/chercher?marque=chevrolet
Chevrolet Cruze ;2012 ;97 000 DH ;Diesel ;RABAT ;  02-03-2019  00:00  ;https://www.autopark.ma/annonces/chercher?marque=chevrolet
Chevrolet Spark Essence ;2009 ;42 000 DH ;Essence ;AGADIR ;  27-02-2019  00:00  ;https://www.autopark.ma/annonces/chercher?marque=chevrolet
Chevrolet Captiva ;2012 ;250 000 DH ;Essence ;SAFI ;  23-02-2019  00:00  ;https://www.autopark.ma/annonces/chercher?marque=chevrolet
Chevrolet Captiva ;2011 ;140 000 DH ;Diesel ;MEKNES ;  22-02-2019  00:00  ;https://www.autopark.ma/annonces/chercher?marque=chevrolet
Chevrolet Cruze ;2012 ;97 000 DH ;Diesel ;MARRAKECH ;  18-02-2019  00:00  ;https://www.autopark.ma/annonces/chercher?marque=chevrolet
Chevrolet Captiva Diesel ;2009 ;105 000 DH ;Diesel ;CASABLANCA ;  25-01-2019  00:00  ;https://www.autopark.ma/annonces/chercher?marque=chevrolet
Chevrolet Captiva Diesel ;2014 ;123 000 DH ;Diesel ;CASABLANCA ;  25-01-2019  00:00  ;https://www.autopark.ma/annonces/chercher?marque=chevrolet
Chevrolet Cruze Diesel ;2012 ;115 000 DH ;Diesel ;EL JADIDA ;  25-01-2019  00:00  ;https://www.autopark.ma/annonces/chercher?marque=chevrolet
Chevrolet Aveo Essence ;2006 ;48 000 DH ;Essence ;ERRACHIDIA ;  24-01-2019  00:00  ;https://www.autopark.ma/annonces/chercher?marque=chevrolet
Chevrolet Cruze Diesel ;2012 ;94 000 DH ;Diesel ;MARRAKECH ;  24-01-2019  00:00  ;https://www.autopark.ma/annonces/chercher?marque=chevrolet
Chevrolet Aveo Essence ;2013 ;69 000 DH ;Essence ;RABAT ;  22-01-2019  00:00  ;https://www.autopark.ma/annonces/chercher?marque=chevrolet
Chevrolet Spark ;2010 ;46 000 DH ;Essence ;IFRANE ;  22-01-2019  00:00  ;https://www.autopark.ma/annonces/chercher?marque=chevrolet
Chevrolet Spark Essence ;2012 ;53 000 DH ;Essence ;CASABLANCA ;  19-01-2019  00:00  ;https://www.autopark.ma/annonces/chercher?marque=chevrolet
Chevrolet Captiva Diesel ;2009 ;88 000 DH ;Diesel ;AGADIR ;  14-01-2019  00:00  ;https://www.autopark.ma/annonces/chercher?marque=chevrolet
Chevrolet Spark Essence ;2008 ;35 000 DH ;Essence ;FES ;  10-01-2019  00:00  ;https://www.autopark.ma/annonces/chercher?marque=chevrolet
Chevrolet Captiva Diesel ;2013 ;120 000 DH ;Diesel ;CASABLANCA ;  10-01-2019  00:00  ;https://www.autopark.ma/annonces/chercher?marque=chevrolet
Chevrolet Aveo Essence ;2017 ;43 000 DH ;Essence ;MARRAKECH ;  08-01-2019  00:00  ;https://www.autopark.ma/annonces/chercher?marque=chevrolet
Chevrolet Captiva Diesel ;2008 ;80 000 DH ;Diesel ;KHOURIBGA ;  04-01-2019  00:00  ;https://www.autopark.ma/annonces/chercher?marque=chevrolet
Chevrolet Aveo Essence ;2009 ;45 000 DH ;Essence ;RABAT ;  01-01-2019  00:00  ;https://www.autopark.ma/annonces/chercher?marque=chevrolet
Chevrolet Optra Essence ;2008 ;45 000 DH ;Essence ;TEMARA ;  31-12-2018  00:00  ;https://www.autopark.ma/annonces/chercher?marque=chevrolet
Chevrolet Captiva Diesel ;2011 ;120 000 DH ;Diesel ;KENITRA ;  29-12-2018  00:00  ;https://www.autopark.ma/annonces/chercher?marque=chevrolet
Chevrolet Optra Essence ;2006 ;40 000 DH ;Essence ;NADOR ;  28-12-2018  00:00  ;https://www.autopark.ma/annonces/chercher/2?marque=chevrolet
Chevrolet Optra ;2004 ;42 000 DH ;Essence ;CASABLANCA ;  26-12-2018  00:00  ;https://www.autopark.ma/annonces/chercher/2?marque=chevrolet
Chevrolet Optra Essence ;2008 ;42 000 DH ;Essence ;MARRAKECH ;  23-12-2018  00:00  ;https://www.autopark.ma/annonces/chercher/2?marque=chevrolet
Chevrolet Spark Essence ;2007 ;31 000 DH ;Essence ;MARRAKECH ;  19-12-2018  00:00  ;https://www.autopark.ma/annonces/chercher/2?marque=chevrolet
Chevrolet Captiva ;2008 ;109 000 DH ;Diesel ;TANGER ;  26-11-2018  00:00  ;https://www.autopark.ma/annonces/chercher/2?marque=chevrolet
Chevrolet Spark ;2011 ;43 000 DH ;Essence ;SALE ;  10-11-2018  00:00  ;https://www.autopark.ma/annonces/chercher/2?marque=chevrolet
